﻿<?xml version="1.0" encoding="utf-8"?>
<Defs>

  <!--   Start Incendiary Launcher Turret   -->
  
  <ThingDef ParentName="BuildingBase">
    <defName>3emp_TurretGun</defName>
    <label>3 EMP Launchers turret</label>
    <description>Three EMP Launchers mounted on a turret. May explode when damaged. Its dumb AI brain can't be directly controlled, so beware of friendly fire.</description>
    <thingClass>Building_TurretGun</thingClass>
    <graphicData>
      <texPath>Things/Building/Turret/TurretBase</texPath>
      <graphicClass>Graphic_Single</graphicClass>
      <drawSize>(3,3)</drawSize>
      <damageData>
        <rect>(0.2,0.2,0.6,0.6)</rect>
      </damageData>
      <shadowData>
        <volume>(0.27,0.25,0.27)</volume>
        <offset>(0,0,0)</offset>
      </shadowData>
    </graphicData>
    <uiIconPath>Things/Building/Turret/Turret3emp_MenuIcon</uiIconPath>
    <uiIconScale>0.90</uiIconScale>
    <minifiedDef>MinifiedThing</minifiedDef>
    <altitudeLayer>Building</altitudeLayer>
    <stealable>false</stealable>
    <rotatable>false</rotatable>
    <thingCategories>
      <li>BuildingsSecurity</li>
    </thingCategories>
    <statBases>
      <MaxHitPoints>150</MaxHitPoints>
      <Flammability>0.7</Flammability>
      <WorkToBuild>4400</WorkToBuild>
      <Mass>12.5</Mass>
      <Beauty>-20</Beauty>
      <ShootingAccuracyTurret>0.96</ShootingAccuracyTurret>
    </statBases>
    <tickerType>Normal</tickerType>
    <killedLeavings>
      <Gun_EmpLauncher>2</Gun_EmpLauncher>
      <ComponentIndustrial>2</ComponentIndustrial>
    </killedLeavings>
    <comps>
      <li Class="CompProperties_Explosive">
        <explosiveRadius>3.9</explosiveRadius>
        <explosiveDamageType>Bomb</explosiveDamageType>
        <chanceNeverExplodeFromDamage>0.5</chanceNeverExplodeFromDamage>
      </li>
      <li Class="CompProperties_Forbiddable" />
      <li Class="CompProperties_Power">
        <compClass>CompPowerTrader</compClass>
        <basePowerConsumption>120</basePowerConsumption>
      </li>
      <li Class="CompProperties_Flickable" />
      <li Class="CompProperties_Breakdownable" />
    </comps>
    <passability>PassThroughOnly</passability>
    <pathCost>50</pathCost>
    <fillPercent>0.4</fillPercent>
    <hasTooltip>true</hasTooltip>
    <stuffCategories>
      <li>Metallic</li>
    </stuffCategories>
    <costStuffCount>75</costStuffCount>
    <costList>
      <Steel>60</Steel>
      <Gun_EmpLauncher>3</Gun_EmpLauncher>
      <ComponentIndustrial>4</ComponentIndustrial>
    </costList>
    <terrainAffordanceNeeded>Light</terrainAffordanceNeeded>
    <designationCategory>Security</designationCategory>
    <specialDisplayRadius>30.9</specialDisplayRadius>
    <constructionSkillPrerequisite>6</constructionSkillPrerequisite>
    <building>
      <ai_combatDangerous>true</ai_combatDangerous>
      <turretGunDef>3emp_Gun_Turret</turretGunDef>
      <turretBurstCooldownTime>3.5</turretBurstCooldownTime>
    </building>
    <placeWorkers>
      <li>PlaceWorker_TurretTop</li>
    </placeWorkers>
    <designationHotKey>Misc2</designationHotKey>
    <researchPrerequisites>
      <li>GunTurrets</li>
    </researchPrerequisites>
  </ThingDef>
  
    <defName>Bullet_3emp_Turret</defName>

  <ThingDef ParentName="BaseBullet">
    <defName>Bullet_3emp_Turret</defName>
    <label>EMP launcher shell</label>
    <graphicData>
      <texPath>Things/Projectile/LauncherShot</texPath>
      <graphicClass>Graphic_Single</graphicClass>
      <shaderType>TransparentPostLight</shaderType>
      <color>(68,150,215)</color>
    </graphicData>
    <thingClass>Projectile_Explosive</thingClass>
    <projectile>
      <speed>40</speed>
      <damageDef>EMP</damageDef>
      <!-- Use default damage from explosion def -->
      <explosionRadius>1.1</explosionRadius>
      <ai_IsIncendiary>true</ai_IsIncendiary>
      <arcHeightFactor>0.2</arcHeightFactor>
      <shadowSize>0.6</shadowSize>
    </projectile>
  </ThingDef>

  
  <ThingDef ParentName="BaseWeaponTurret">
    <defName>3emp_Gun_Turret</defName>
    <label>3 EMP Launcher turret</label>
    <description>3 emp launchers mounted on a turret.</description>
    <graphicData>
      <texPath>Things/Building/Turret/Turret3emp_11_Top</texPath>
      <graphicClass>Graphic_Single</graphicClass>
    </graphicData>
    <soundInteract>Interact_Rifle</soundInteract>
    <menuHidden>true</menuHidden>
    <destroyOnDrop>true</destroyOnDrop>
    <tradeability>None</tradeability>
    <useHitPoints>false</useHitPoints>
    <statBases>
      <AccuracyTouch>0.80</AccuracyTouch>
      <AccuracyShort>0.87</AccuracyShort>
      <AccuracyMedium>0.77</AccuracyMedium>
      <AccuracyLong>0.64</AccuracyLong>
      <RangedWeapon_Cooldown>3.5</RangedWeapon_Cooldown>
      <DeteriorationRate>0</DeteriorationRate>
      <Mass>6</Mass>
      <Flammability>0</Flammability>
    </statBases>
    <weaponTags>
      <li>3emp_TurretGun</li>
    </weaponTags>
    <verbs>
      <li>
        <verbClass>Verb_Shoot</verbClass>
        <hasStandardCommand>true</hasStandardCommand>
        <defaultProjectile>Bullet_EMPLauncher</defaultProjectile>
        <warmupTime>3.5</warmupTime>
        <range>23.9</range>
        <forcedMissRadius>1.9</forcedMissRadius>
        <burstShotCount>3</burstShotCount>
        <soundCast>Shot_IncendiaryLauncher</soundCast>
        <soundCastTail>GunTail_Medium</soundCastTail>
        <muzzleFlashScale>14</muzzleFlashScale>
        <targetParams>
          <canTargetLocations>true</canTargetLocations>
        </targetParams>
      </li>
    </verbs>
  </ThingDef>
  <!--   End Incendiary Launcher Turret   -->
</Defs>